DEPTH,TORQUE,HOOK_LOAD,PUMP_PRESSURE
2000.0,19.13551171543788,140.7461376969561,2217.852792279646
2001.001001001001,17.879454695607905,129.21825372794237,2394.3805445021026
2002.002002002002,18.99764031098526,142.3564319550303,2335.7390681108063
2003.003003003003,22.633730182038867,144.16663741240166,2482.6314722338275
2004.004004004004,16.402889872576168,153.22767094073933,2451.6888970884993
2005.005005005005,16.65740370059827,173.38567038353807,2470.535979803904
2006.006006006006,21.41717889410529,164.23041115072294,2194.3217638938
2007.007007007007,21.52867449282327,162.44291926212668,2168.487425101285
2008.0080080080081,19.774210169793815,168.8083310370324,2289.5019294272715
2009.009009009009,19.657529493508736,142.8641738387186,2262.275440605382
2010.01001001001,18.421596098340352,134.72008078850317,2359.789223371139
2011.011011011011,24.33377260466326,150.79600035121777,2248.7223355097453
2012.012012012012,17.86171065309931,140.66848107040423,2214.975273130602
2013.013013013013,23.546991304710374,160.5862211344727,2451.5156547564775
2014.014014014014,16.813137395441014,127.79693835150323,2385.038261858712
2015.015015015015,16.89675633970867,158.83724139552433,2082.0279970654456
2016.016016016016,14.308353770601265,167.44407244010185,2472.0780349087204
2017.017017017017,24.021394260147503,130.314821966953,2401.3296030606766
2018.018018018018,20.95675763120319,129.1868759708912,2260.001684527745
2019.019019019019,13.427982039414857,141.0502848625672,2049.5207375298023
2020.02002002002,17.32211475112677,162.3616445605553,2161.6174771937563
2021.021021021021,23.71646583588409,128.1338775278505,2408.4448868835652
2022.022022022022,15.313394687998322,135.26087890120795,2098.231312602506
2023.023023023023,16.260335035264923,148.8920123901171,2084.260992418369
2024.0240240240241,20.16739136998489,178.3651367430391,2175.063281778609
2025.0250250250251,12.93403491947118,178.77569215838878,2387.241749768083
2026.026026026026,11.947846427723295,157.777592056426,2050.9828438289483
2027.027027027027,15.18275800888603,139.70551750624958,2343.6556252580817
2028.028028028028,21.55324130757574,129.13040532104412,2420.8367121135398
2029.029029029029,10.590664726080364,149.51133440899827,2225.868420748543
2030.03003003003,13.961513630766174,167.12227730158006,2170.2694130673367
2031.031031031031,20.21027306193351,126.40534083937962,2132.635150432065
2032.032032032032,14.146382985434613,124.04908337691998,2474.9992901336977
2033.033033033033,20.251736948814813,171.2620596903763,2072.775727969435
2034.034034034034,20.271266039074806,138.17287552404633,2278.2741400537943
2035.035035035035,14.396567609661204,126.35377576804657,2497.704370364045
2036.036036036036,10.682570224085598,159.36180562242424,2353.6594263618913
2037.037037037037,15.8809611993731,149.38491503229972,2173.857351685813
2038.038038038038,13.212540189737863,176.39744632635026,2036.179918455755
2039.039039039039,14.831439657765461,142.33299989048984,2480.0106450573453
2040.0400400400401,19.057027627805574,165.97756755228005,2268.860141321229
2041.0410410410411,18.48335662527858,176.40532613889673,2215.518149790288
2042.042042042042,24.148004616727953,144.44549345790975,2482.426803443509
2043.043043043043,21.549252661521688,126.62200242781938,2476.917053266287
2044.044044044044,12.731433438233243,136.98543962024635,2270.9511713391944
2045.045045045045,10.190211079757315,132.11143467284748,2498.54592945416
2046.046046046046,11.94709593793122,148.22324457404278,2375.1193626347813
2047.047047047047,11.863042393972536,152.38288371497134,2118.2001807098304
2048.0480480480483,14.736104050407585,150.8745137225244,2122.1153843072875
2049.0490490490492,16.394242788849887,174.50815359225464,2172.6646830687855
2050.0500500500502,24.059877990163294,141.25647628281155,2356.3752241675156
2051.051051051051,24.490559527771936,124.95488499140076,2154.306199761621
2052.052052052052,11.203211659386747,138.43405042303684,2493.095762243446
2053.053053053053,24.884913936170058,175.59832814651787,2131.0773578905305
2054.054054054054,14.433748970555829,161.56356002725082,2111.226744132241
2055.055055055055,14.27555237645683,142.29850036239424,2413.460017601645
2056.056056056056,18.091672250209413,151.64415638957254,2227.2062937436385
2057.057057057057,21.293918811331032,173.36302878220843,2357.4181043752305
2058.058058058058,10.825947333667544,141.73263939597297,2128.9545805734047
2059.059059059059,17.455991072741895,172.452815010973,2159.46542002554
2060.06006006006,17.297605633806768,120.69825977128656,2486.7726943023695
2061.061061061061,22.90144186430154,149.84598863852634,2496.092207508089
2062.062062062062,23.90848154449519,162.81240728993097,2050.6031514046026
2063.063063063063,17.65235274793928,143.5284708321401,2124.897635658547
2064.064064064064,23.414905761671978,179.18368476672129,2350.8104149109213
2065.065065065065,23.139178318135023,122.38623182981001,2441.4062127133384
2066.066066066066,18.451580872041298,170.38531929730945,2313.12543087331
2067.067067067067,17.947196793203354,150.6225658941238,2496.0205548858835
2068.068068068068,13.510745436556808,149.00393625307453,2167.2139421495385
2069.069069069069,12.679769494286461,122.6468071163474,2303.6980294889586
2070.07007007007,20.680445350646046,152.82786110137027,2425.7952357543963
2071.071071071071,17.63709898906191,169.23946716351503,2346.541327487878
2072.072072072072,12.219656651990675,172.2847851650353,2320.380184260118
2073.073073073073,18.30347112080414,126.64501098151332,2091.82036460869
2074.074074074074,21.665628176251456,156.08774340651158,2265.142835493602
2075.075075075075,23.43248106550584,171.81067177489865,2115.7490018993167
2076.076076076076,10.430950049137666,147.86194010995945,2022.2145590189982
2077.077077077077,18.64596462267943,131.62002219040863,2066.498773787088
2078.078078078078,21.962790913112052,175.50760756724674,2484.13047274274
2079.0790790790793,21.057880353645007,153.6012510592975,2354.3803787647366
2080.0800800800803,16.723652494201612,174.3093096654411,2342.4910903699665
2081.0810810810813,10.565729197748617,131.0926123248103,2166.5238890435667
2082.0820820820823,20.054162216683096,137.51320064680561,2063.9346609204904
2083.0830830830832,12.20069905750221,142.03564735429407,2427.8187342786923
2084.084084084084,23.991268181592577,149.6088442411613,2430.5937740172267
2085.085085085085,13.584258022467457,149.97991311275157,2448.576810386181
2086.086086086086,22.473152226457948,147.760518137235,2141.148447954918
2087.087087087087,10.199598694555407,171.69727070789045,2268.0515863077053
2088.088088088088,15.83189260924646,145.56073263785518,2321.626551490266
2089.089089089089,12.320317761861226,167.75125823949736,2497.31465056979
2090.09009009009,23.83969692726932,124.20209536114713,2128.412737084096
2091.091091091091,22.54321480100922,122.05906456106777,2407.756909077073
2092.092092092092,10.530904931848642,147.37629889758927,2038.341747260716
2093.093093093093,20.518314901341235,159.23892399224513,2060.971612284299
2094.094094094094,19.294063594895302,172.3883193004494,2278.843728762238
2095.095095095095,16.09087334812843,130.66259335235128,2020.382506242718
2096.096096096096,17.577653554206705,136.62898641112545,2360.260358618867
2097.097097097097,17.204006478499842,178.04156919170654,2324.12444361415
2098.098098098098,14.668048361690664,136.36955732252423,2357.278640020465
2099.099099099099,24.414549540462367,133.5386656454945,2078.0989693235147
2100.1001001001,15.5281319107369,131.39205740754153,2295.523912017831
2101.101101101101,11.911254853271345,176.21447225433198,2307.20311844655
2102.102102102102,10.907348845560472,160.24016500737062,2233.85905766015
2103.103103103103,22.163127699280743,158.92740479422622,2342.7914435004686
2104.104104104104,10.041673449983866,144.17977500721483,2040.998276757187
2105.105105105105,18.81218382180396,157.7720577341576,2058.849553081172
2106.106106106106,21.491036537920607,160.58847084851635,2177.1162971633407
2107.107107107107,10.799064062347773,151.21038098564173,2088.8252892527335
2108.108108108108,11.116207784394598,121.57654249228075,2364.4472137495695
2109.1091091091093,16.28117285064486,132.11545123089618,2197.527137176249
2110.1101101101103,23.738974291208557,144.21863689655748,2442.130369179814
2111.1111111111113,21.509080672423103,132.93933539405597,2137.369225567364
2112.1121121121123,18.699601452778126,134.98132393753804,2136.812893117436
2113.1131131131133,13.331659653180527,150.84334369295266,2283.8773204519625
2114.1141141141143,15.72201143492602,133.9516923623006,2388.4951853753946
2115.1151151151153,20.104491078835615,178.431195133599,2107.330762493991
2116.1161161161162,12.400832987250068,166.4903809411116,2183.4209605976394
2117.1171171171172,16.423686014098404,144.83403887691347,2313.4801654164708
2118.118118118118,17.746868272925816,168.46172425949615,2067.6064397915643
2119.119119119119,20.8326107905525,162.22668278521058,2377.286306041513
2120.12012012012,20.19615368242551,142.81528213629127,2209.1261671141
2121.121121121121,16.915527144757526,137.3594695664026,2409.014325988535
2122.122122122122,23.876219163776778,124.31060064119809,2154.0742787095355
2123.123123123123,21.010709376294187,137.03677289091033,2002.645673629332
2124.124124124124,16.423333478653287,125.84548629574172,2138.8108368123567
2125.125125125125,21.783928855953803,169.19532837736253,2237.8683120036458
2126.126126126126,14.780492316006814,128.38708659399867,2376.013870006759
2127.127127127127,24.101673790854093,137.469211219074,2193.4828997458103
2128.128128128128,17.593313144412974,131.55738913704818,2488.3773941026825
2129.129129129129,21.20255156601776,144.46576547537347,2016.7704736138867
2130.13013013013,11.337249779704715,138.06436219375058,2160.910817497979
2131.131131131131,18.573910249895565,165.95940159914488,2085.3638292755713
2132.132132132132,18.68383168264507,158.30337701832602,2371.96003668679
2133.133133133133,14.705097395153667,165.85947031566087,2393.487220184404
2134.134134134134,20.020513754368906,129.6108448870473,2342.963050522165
2135.135135135135,18.133006285660546,175.3467621172391,2053.2736789479204
2136.136136136136,12.095390471208905,150.85989227365087,2448.000366142479
2137.137137137137,16.45179236877655,155.28549444193155,2457.6323827373817
2138.138138138138,12.610054154040693,138.71263234400115,2474.8755670695487
2139.139139139139,13.304052178175676,169.67529536518998,2155.109776132043
2140.14014014014,17.330472019844102,149.65054490799758,2236.7559090769196
2141.1411411411414,16.656563158670863,129.99784539298312,2138.7900532695126
2142.1421421421423,11.507118857650333,124.69996431530045,2497.010122724711
2143.1431431431433,21.900421900447853,158.28845309835856,2487.003886970332
2144.1441441441443,21.68845512161822,153.1062440978154,2012.0865329811345
2145.1451451451453,21.809082235711585,141.40013601522364,2367.1259794182074
2146.1461461461463,22.62026042065584,144.79665462902625,2166.7535471919605
2147.1471471471473,23.16610002774157,178.12485592921485,2266.901156576723
2148.1481481481483,16.467465026967805,163.0536081856099,2152.934185019538
2149.1491491491493,18.389498320405366,133.5976025215372,2228.4401547929574
2150.1501501501502,24.884353774973697,135.09219245222596,2245.2813316303623
2151.151151151151,22.12904097929831,165.35521197663397,2223.421807244359
2152.152152152152,19.20332557098988,125.02430627784474,2395.4643570329636
2153.153153153153,14.933275677289256,129.82281104272738,2057.10634289347
2154.154154154154,17.361423140128597,150.38867735076806,2169.2502828120737
2155.155155155155,20.57517904387955,157.51270031661767,2415.640519280225
2156.156156156156,10.11183960346041,121.81616439515825,2482.541083907685
2157.157157157157,23.369970081730212,130.05147782722932,2100.1042127522123
2158.158158158158,17.7066076292353,172.67222591001104,2172.4637151981096
2159.159159159159,22.551507404432954,126.77200821372107,2309.2979685517744
2160.16016016016,17.106580672676248,120.14047645749174,2231.9223175892657
2161.161161161161,22.558539371507273,144.08099251905819,2028.6059689676385
2162.162162162162,20.57271728443812,154.067257197171,2435.9524757502463
2163.163163163163,18.435862136740766,159.76149001082356,2223.8237612669163
2164.164164164164,20.085719304321195,175.36763256139773,2190.727387614902
2165.165165165165,11.12682172989252,143.64623772122732,2156.822457322178
2166.166166166166,20.279371004064476,164.63487557222456,2137.70327372895
2167.167167167167,13.50891219218001,132.17406364138316,2313.125042667246
2168.168168168168,14.587308214049198,162.39508671784438,2445.4513584771335
2169.169169169169,16.69486744495142,169.18093506228445,2264.4457324015134
2170.1701701701704,23.94409726951151,159.35532221096565,2149.807699311312
2171.1711711711714,21.505637282115018,126.23519057165082,2017.0361233868616
2172.1721721721724,19.657377260448925,135.0982910875406,2379.3141324668914
2173.1731731731734,22.73233873036115,130.49175610210438,2113.955770311203
2174.1741741741744,14.812186069699095,143.2187485568787,2184.711790303766
2175.1751751751754,12.97463312788516,173.71454233374467,2308.6746526198963
2176.1761761761763,17.860053555071055,120.62597073676201,2143.1025075131915
2177.1771771771773,18.661723344727996,173.1989583821084,2472.2459505796933
2178.1781781781783,13.731138728635743,150.20066840268234,2103.2951843741444
2179.1791791791793,15.035611780509782,160.78040881887185,2328.4668674575164
2180.1801801801803,11.408891399543913,166.70470729277707,2422.1545748223007
2181.1811811811813,10.553204054467288,141.5344243772015,2138.4776776356985
2182.1821821821823,24.167077091839822,178.72484483280596,2232.7738770259984
2183.1831831831832,15.87169893028385,120.82546350088171,2148.8554750186395
2184.1841841841842,17.15072964537757,144.0460826519157,2234.5961753263855
2185.185185185185,21.67109502294826,151.61718260885786,2243.4601150790936
2186.186186186186,19.571370617182517,169.2152075286093,2218.133623268216
2187.187187187187,23.51405298725836,164.68175585362246,2027.663208975698
2188.188188188188,13.712059795479792,129.91302932766013,2147.999411040977
2189.189189189189,21.618882891936767,141.00181740513815,2141.189334114952
2190.19019019019,19.127975633943137,146.2345023989394,2153.0739606865795
2191.191191191191,22.829071410837127,167.48022989891157,2093.629517386714
2192.192192192192,21.62895020063012,144.56173992159012,2300.5011461962113
2193.193193193193,10.177738125172919,164.03317836030877,2402.2109622962507
2194.194194194194,11.756908133937133,125.78480152349087,2331.6065990993643
2195.195195195195,10.055730459301873,140.32653520809544,2491.523895518761
2196.196196196196,24.396883980962393,178.79544426700514,2101.375374812203
2197.197197197197,20.15842904733561,174.4164672064914,2152.5550041341407
2198.198198198198,21.412691598559505,139.21000841683986,2024.4333303867052
2199.199199199199,21.112577466926034,139.9983885849845,2200.0450631514136
2200.2002002002,18.58873644784522,178.8608609499958,2186.1979240080636
2201.201201201201,12.479533350622916,170.8553082287114,2077.711119594959
2202.202202202202,18.53230006322686,152.14157032003078,2312.544588979159
2203.2032032032034,20.0351730579252,145.54165937843794,2180.55754265221
2204.2042042042044,10.048059172666747,149.10509611483945,2282.1333751600505
2205.2052052052054,15.642527094257126,169.62580120278594,2157.029612744221
2206.2062062062064,12.97276317349218,152.2298771393436,2328.6094089156227
2207.2072072072074,14.60786325932889,175.1986498218371,2009.8411723752586
2208.2082082082084,22.76160313652221,148.8972635313155,2275.0674878727864
2209.2092092092093,18.78028796667413,174.57141358761928,2161.0727858910045
2210.2102102102103,13.316597093336444,131.27248938825625,2197.065910937305
2211.2112112112113,17.200892760701986,149.96639240475804,2025.9383553850748
2212.2122122122123,22.510163375045046,139.15599221493505,2414.6283384011163
2213.2132132132133,19.453884922052957,151.22258892730872,2406.280018809762
2214.2142142142143,20.792562669964006,126.71648923678683,2496.721901204778
2215.2152152152153,12.511439059292302,151.66384432207445,2143.105361745534
2216.2162162162163,20.151153347759625,172.04847354615737,2183.660703570021
2217.2172172172172,19.59645453259545,121.96131565562501,2486.963445246001
2218.218218218218,16.722802862976053,142.87510683354128,2331.113071211095
2219.219219219219,17.045176187652014,121.26569324182302,2483.3199739465977
2220.22022022022,15.650603185863972,161.90228280157592,2281.3202651270503
2221.221221221221,13.358364638843334,160.308147124443,2411.2513710071835
2222.222222222222,23.54805450476764,138.7837328339589,2136.870778564644
2223.223223223223,23.296312947355283,162.35011118069679,2307.1788439855763
2224.224224224224,10.632615423511725,139.67372391877942,2374.970110721085
2225.225225225225,13.758617250431264,129.26634732283142,2464.21637353017
2226.226226226226,22.52031079257464,147.55019727359297,2031.989992492382
2227.227227227227,23.458773625737912,172.39473017677057,2337.1082438973244
2228.228228228228,23.83648154055273,121.4426429197226,2415.9509976527042
2229.229229229229,22.91596707288125,161.40902644718454,2091.691157332901
2230.23023023023,13.634416998041662,136.48530605325632,2271.9998032719814
2231.231231231231,24.120971835669224,130.4896963482085,2475.5408097906707
2232.2322322322325,14.445396038544231,172.57951408236357,2200.054999913098
2233.2332332332335,13.362355997779076,172.47890892793527,2081.232519464456
2234.2342342342345,21.77572488208068,147.5789663694709,2131.118718838537
2235.2352352352355,14.17103547778268,139.7810839241474,2040.385829846912
2236.2362362362364,19.754150591186125,137.53670766603875,2026.010746081849
2237.2372372372374,19.445684680221873,139.05246943021763,2298.8222694827864
2238.2382382382384,15.741190324545538,120.40315208983482,2230.2669053294235
2239.2392392392394,17.794717472143223,168.37504308359013,2455.567679758789
2240.2402402402404,19.345634590664815,145.09262944431887,2331.9936434186357
2241.2412412412414,17.101523608380802,135.4905662373062,2070.804442966076
2242.2422422422424,24.576126551428786,162.28656664157637,2220.0345357837236
2243.2432432432433,24.893086171068834,141.77818203987653,2328.6288966815773
2244.2442442442443,23.311902409516385,159.80125933158928,2052.217679798139
2245.2452452452453,14.593919159311806,124.58723791156176,2217.5323661602793
2246.2462462462463,12.312924043045763,163.98501400454904,2470.1465818837055
2247.2472472472473,14.845289353247717,170.22404394030775,2008.1918313752265
2248.2482482482483,19.776530433492642,128.75457714857237,2145.768120276377
2249.2492492492493,21.194176757209817,155.4909777659682,2206.260015778985
2250.2502502502502,22.145302192760763,156.49560205182078,2309.686918452168
2251.2512512512512,21.052579157242,165.57091524278277,2328.434090887299
2252.252252252252,21.35560729887541,169.45510953589843,2203.9993145071817
2253.253253253253,20.891709602906452,124.9256417299283,2054.2905177344132
2254.254254254254,19.47807613527037,152.2313368399705,2000.2944587249274
2255.255255255255,17.34551268066037,162.8638602508854,2311.78738502377
2256.256256256256,23.35303524081294,162.59903587232404,2131.9519313354813
2257.257257257257,16.725244871670352,151.65237755560258,2003.8603858818544
2258.258258258258,19.208764230511772,125.12043386885583,2142.969890367157
2259.259259259259,22.36365396797995,147.94254348152165,2020.4623879097305
2260.26026026026,11.665331347026079,140.4419480726862,2410.0323569988896
2261.261261261261,12.551356880219336,179.12557052838403,2061.9599978742935
2262.262262262262,18.85967197765195,139.61521572653038,2447.813962144728
2263.263263263263,19.04670406635603,127.67699157139288,2241.6369485155337
2264.264264264264,17.040573657530082,136.21218398895763,2048.2903857565334
2265.265265265265,17.369480998539373,158.70106416360352,2262.589193207837
2266.2662662662665,15.080256712813224,123.6776566945295,2094.3878924727833
2267.2672672672675,15.566485580670543,172.06735991371272,2318.2135605473345
2268.2682682682685,12.475639596382667,174.76602779373735,2282.327890207026
2269.2692692692694,13.642075423672921,164.96931679356882,2239.722689721891
2270.2702702702704,24.117394646431897,145.934778643117,2153.678797051251
2271.2712712712714,17.424471296644665,162.1779456303259,2337.4086201904206
2272.2722722722724,13.768971517154945,173.8978395609666,2307.653856842533
2273.2732732732734,16.436561647882012,124.00839543802392,2034.2080624226296
2274.2742742742744,18.769577634540504,170.2453924599942,2107.0403770313856
2275.2752752752754,10.549339197347326,174.61008406352684,2163.0513559938813
2276.2762762762763,15.384880745034142,120.72560563125498,2465.861552638925
2277.2772772772773,15.126297216038958,120.90538565514967,2254.8022444559574
2278.2782782782783,20.911043767057055,177.07497018427233,2114.4224487659735
2279.2792792792793,16.195482626121546,168.40740684073032,2268.8278338717973
2280.2802802802803,12.815089037171251,150.5129798621321,2430.6659284538846
2281.2812812812813,12.583315488754732,152.10070777450085,2049.4487446656162
2282.2822822822823,19.4747097316572,172.5010039289529,2125.6607354515304
2283.2832832832833,18.91273763674743,165.74709146366706,2213.83392070361
2284.2842842842842,22.46830502946046,179.156073011098,2080.3672618772734
2285.285285285285,10.915411496633459,166.29772462519097,2099.522738518482
2286.286286286286,23.715360829880858,170.52639097200876,2310.624993010465
2287.287287287287,20.68762605423394,131.32670380028384,2269.733985095561
2288.288288288288,22.8800226353308,128.67987232667338,2026.3389109216967
2289.289289289289,18.86461579263312,149.99509947511154,2107.541039042638
2290.29029029029,15.27662139542909,174.5774013298449,2096.024037965293
2291.291291291291,19.2125366742414,176.32300677499745,2490.0638395971996
2292.292292292292,23.57602836762966,149.92216928492914,2126.2747371466403
2293.2932932932936,12.129322714289913,151.58111373710173,2248.6793960065047
2294.2942942942946,19.595736303209,124.4694544307366,2252.034738639933
2295.2952952952955,14.883818969482185,149.3929355926107,2124.7952492668855
2296.2962962962965,11.250336861793796,136.03969409972936,2268.8559163148216
2297.2972972972975,17.232084398858632,127.28855982269225,2339.929850989083
2298.2982982982985,13.965490640424704,144.6750880407629,2131.3018573974423
2299.2992992992995,12.952461936323433,129.57517415951898,2024.791673359481
2300.3003003003005,15.705289100926391,151.78328972168467,2373.100291230405
2301.3013013013015,18.621842580521736,131.76874025677708,2080.1849420756125
2302.3023023023025,15.43274434339941,122.23694577514092,2096.9610071818656
2303.3033033033034,24.314049807411614,160.36746267154894,2390.6596690680913
2304.3043043043044,16.067871956422124,145.14176401890364,2175.7257560570206
2305.3053053053054,10.544709369280412,145.8783221465717,2262.553543244995
2306.3063063063064,17.28931879606655,128.52352413912885,2245.4602539011867
2307.3073073073074,14.248500574628391,130.82690477096662,2024.142316809492
2308.3083083083084,23.95295078862864,165.13925110022095,2470.023553832034
2309.3093093093094,24.42387026034286,129.509954338,2022.6782299191962
2310.3103103103103,24.7478189631971,127.04718951727372,2187.1118436368483
2311.3113113113113,10.69139146366737,129.6504821957838,2289.315313300949
2312.3123123123123,11.46355481962216,169.76625662601188,2207.7603331871824
2313.3133133133133,11.199256218143967,149.56690333143064,2316.9728642140653
2314.3143143143143,21.326837807118466,126.12930635484373,2394.981269962942
2315.3153153153153,12.795408203180061,128.89646547757542,2184.175580139112
2316.3163163163163,17.872677345008604,123.47210563857855,2168.567801668338
2317.3173173173172,21.324917004713235,128.688242735586,2299.5756889349545
2318.3183183183182,22.30982907281806,158.7564961362574,2023.6765333135145
2319.319319319319,18.475029146873485,144.85910730092644,2043.6509388779386
2320.32032032032,13.183193772161928,142.110877876083,2319.690173082753
2321.321321321321,24.961169314978953,139.04502713883718,2415.708718488073
2322.322322322322,21.82247045010689,127.32864005265874,2107.908992368103
2323.323323323323,15.86073301012685,154.68822564454283,2197.9973360905465
2324.324324324324,22.4810980763456,160.25269899722286,2050.930729492308
2325.325325325325,20.02343601623034,132.24563958640567,2489.4044403354574
2326.326326326326,11.8790867070307,123.88227171251043,2083.7331879917674
2327.327327327327,18.25968388080671,147.6748471883645,2241.276584464716
2328.3283283283286,11.521499088016615,177.63064580030172,2259.164446062748
2329.3293293293295,20.36758384788122,175.38593692657327,2061.900366015593
2330.3303303303305,20.125055670806205,144.9808530368644,2402.3532671930507
2331.3313313313315,22.910018767844917,130.3180140928243,2491.72418572114
2332.3323323323325,16.04337437757311,156.80113410737258,2307.384240205951
2333.3333333333335,24.9822685375296,167.46291937258496,2042.3592388420998
2334.3343343343345,12.452212204409385,164.81969332570276,2026.4267074904312
2335.3353353353355,19.084783505211696,141.71473631804758,2283.118690925575
2336.3363363363364,16.475693255086078,161.1532586001989,2289.197735620046
2337.3373373373374,15.388004044826182,169.08656927726898,2374.2647973828025
2338.3383383383384,14.868619041660148,159.70914116557606,2251.0147226180893
2339.3393393393394,12.139069680401684,129.08058928093905,2366.936385081169
2340.3403403403404,14.198869782392704,165.65250067689888,2370.8814339968776
2341.3413413413414,15.344006902661071,120.26485577219731,2415.0587398283765
2342.3423423423424,15.037272564067402,172.37804040386274,2377.698437540734
2343.3433433433433,10.7790300103237,132.55276717837853,2019.9335861615498
2344.3443443443443,11.06374124321823,174.0712596922675,2015.0804834657288
2345.3453453453453,20.9100513563817,123.25111098249737,2343.6797578681962
2346.3463463463463,23.904674191581375,137.78549909642697,2207.309310070577
2347.3473473473473,17.545507769379444,174.71988852869924,2143.215685330787
2348.3483483483483,14.86043277955514,123.30548548446724,2123.011167942918
2349.3493493493493,10.050277827952684,162.70778724471904,2107.9212816556815
2350.3503503503503,23.692769938522694,150.77594709388995,2454.289988040083
2351.3513513513512,23.29440045659387,136.22029486965891,2274.953309965729
2352.352352352352,24.71335455658766,129.00956691283034,2278.6590196389607
2353.353353353353,22.78495706938042,150.79920730969798,2214.3677872465187
2354.354354354354,13.589166022176986,148.60704018903206,2131.8584244753474
2355.3553553553556,20.19899792499052,131.0243884891155,2350.3299654640014
2356.3563563563566,21.60907678823365,129.52422331649905,2123.157887622055
2357.3573573573576,10.798930166976026,155.82454721208487,2156.738974592358
2358.3583583583586,21.138785449520405,149.64828177943525,2455.4354776980313
2359.3593593593596,14.051741712014277,161.41305823475506,2342.41244027963
2360.3603603603606,16.382426036570955,154.43978213392134,2179.859374408862
2361.3613613613616,13.030651197109194,168.77832295409908,2293.6923836388705
2362.3623623623625,17.857714800257884,158.27673028391138,2046.0291919737879
2363.3633633633635,12.109500011899199,138.64228691910884,2118.496933459514
2364.3643643643645,23.93081141691429,126.10675299809753,2057.3054910628234
2365.3653653653655,18.55400483665155,134.95593278106523,2312.7363606201384
2366.3663663663665,22.35823598082456,162.37496985583698,2479.5007152484554
2367.3673673673675,21.785994295115746,126.48995339742255,2216.3379002713627
2368.3683683683685,22.566567071424245,152.80109003428646,2449.6604838509184
2369.3693693693695,13.66763982399287,130.6478071332388,2308.47276349337
2370.3703703703704,10.707513054093162,150.77118020572044,2474.3487352258217
2371.3713713713714,20.110236352804634,149.06496837801456,2335.3674409865375
2372.3723723723724,21.743161542344044,152.23768869512153,2061.099009881994
2373.3733733733734,17.173122395628244,144.99169074826048,2205.5591296767943
2374.3743743743744,18.08917744560568,155.89320683335316,2131.961398052816
2375.3753753753754,11.028293210162598,158.2279385002101,2380.1245249879544
2376.3763763763764,10.489558128022246,150.13926187894424,2399.4612458381976
2377.3773773773773,18.62416351607925,149.88263738262594,2084.0790969025547
2378.3783783783783,24.57978451692536,157.45085276212973,2341.106208626923
2379.3793793793793,20.72097716089442,148.8251563738109,2469.2768172055967
2380.3803803803803,16.823853083267846,175.86712116496398,2151.2019936534457
2381.3813813813813,16.590544659378722,172.63830408820718,2463.3831210248427
2382.3823823823823,10.169577299650118,168.93275584378978,2104.916007136842
2383.3833833833833,17.15885167472852,124.95849895546682,2263.6059541126483
2384.3843843843842,10.32505675714526,153.23501184443234,2256.2562535271754
2385.3853853853852,15.756498254989207,147.9757829714054,2374.0170065427906
2386.386386386386,18.6675646476126,128.48984100558317,2236.4992458362763
2387.387387387387,16.44881456887674,177.6812460013497,2273.090092786607
2388.388388388388,12.647368203347222,167.6636589829559,2374.2561472490397
2389.389389389389,17.043340785283537,121.33550011884073,2181.872318731029
2390.3903903903906,24.826211143954453,179.79813595032482,2036.1858968215442
2391.3913913913916,17.755322412496888,127.00725572450136,2181.3532172337
2392.3923923923926,22.984297884188656,130.42337376643007,2469.2655548429925
2393.3933933933936,11.648270846334604,124.82873128860126,2498.3265663805537
2394.3943943943946,11.023840828895914,130.0968952249879,2081.832689073221
2395.3953953953956,21.444937896079104,150.82400051833142,2153.972119244884
2396.3963963963965,13.537990942491941,138.45807530332254,2237.9929141333173
2397.3973973973975,24.27817795325507,174.31952714560322,2150.9422217533256
2398.3983983983985,19.538150943094486,171.58123406508642,2363.9318808212465
2399.3993993993995,19.97406012936981,174.52125911248143,2459.494966439908
2400.4004004004005,13.964744327355852,133.90203340616213,2121.517032033524
2401.4014014014015,10.002988357178213,171.8824123131605,2299.514290046778
2402.4024024024025,14.461315656488953,151.6836294528174,2083.7943607050497
2403.4034034034034,16.57171894325767,128.9634974724148,2162.64265094773
2404.4044044044044,22.49647188798282,130.35993112350434,2424.5450505225335
2405.4054054054054,18.91356151102262,169.15157021977913,2141.848191428107
2406.4064064064064,19.869094811433968,167.96583097124187,2060.344798781012
2407.4074074074074,19.029883725052635,144.78106388747824,2489.436884283401
2408.4084084084084,22.082977653048314,171.4669218189559,2495.360316284853
2409.4094094094094,24.23197724770914,178.97420703504136,2269.6776755586743
2410.4104104104103,22.56850283244966,141.8839843718522,2057.9898626763534
2411.4114114114113,13.569346241381547,154.39528237601462,2082.997210025856
2412.4124124124123,10.985445442279318,147.9054833181441,2409.2368715245634
2413.4134134134133,15.661526793489566,150.56900189127123,2274.2318718919782
2414.4144144144143,15.30422683164971,127.22506696756503,2449.657477045415
2415.4154154154153,24.06948086655202,142.73601508538223,2311.2937090935957
2416.4164164164163,20.0253095997588,175.706448070418,2248.243218776435
2417.4174174174177,11.05811608463803,148.582940974079,2293.3562819600356
2418.4184184184187,10.180007024367018,120.43956681266438,2123.3965002896634
2419.4194194194197,15.692487556587139,174.33666182041014,2031.0256798350003
2420.4204204204207,15.734966136013867,155.95991986754694,2038.8343917427956
2421.4214214214217,19.967184490333914,177.67904793442074,2421.5202090346716
2422.4224224224226,14.951226823986335,126.6363281187472,2308.9380503241327
2423.4234234234236,12.39895372352774,164.44273981976187,2479.5810953200694
2424.4244244244246,24.84417788274626,134.50829619207178,2370.2912960301273
2425.4254254254256,14.971899131420969,150.20665986162018,2019.7503197766675
2426.4264264264266,23.81403331126917,153.11312800843427,2356.173661521718
2427.4274274274276,20.755148601020178,176.2557719469093,2176.2177532270894
2428.4284284284286,24.22163161230376,151.31466150062266,2026.3775392555401
2429.4294294294295,19.212943169390233,142.0887537717774,2177.351839696103
2430.4304304304305,20.716291657938825,173.70818371148192,2448.415380078952
2431.4314314314315,17.054405575574982,175.9489725712612,2144.8134020381726
2432.4324324324325,21.111663056988682,172.2801646343462,2319.920910830267
2433.4334334334335,20.499065856921348,123.85384142481358,2096.0065579928573
2434.4344344344345,14.514382730905703,149.7837318558269,2101.9185889499804
2435.4354354354355,24.95885848008819,176.68208357476266,2258.7442296456516
2436.4364364364365,12.788678268177108,155.08265070856004,2009.1689643742789
2437.4374374374374,14.009191677253039,133.0503786054395,2437.9878879635335
2438.4384384384384,10.50193682581928,148.99597268266888,2275.165007508642
2439.4394394394394,10.200006323933577,126.85260916599526,2207.792017483286
2440.4404404404404,22.426399642622627,177.9539259626558,2212.0363824237083
2441.4414414414414,19.32532047200906,157.92231783947202,2072.3129038968355
2442.4424424424424,15.270986615690397,163.68880112986943,2370.2604068358796
2443.4434434434434,21.926083883081567,159.39541259621404,2342.204723413211
2444.4444444444443,13.516357209159533,173.5619314293271,2382.9663880891826
2445.4454454454453,16.609676347680434,166.57620030512376,2436.958607867463
2446.4464464464463,19.78233881977713,175.43580974563656,2241.0302130488467
2447.4474474474473,22.143936204345643,168.71770852523167,2476.5706700100136
2448.4484484484483,14.141991940522644,149.9433701017203,2143.611030052426
2449.4494494494493,15.563835118094504,167.87723497722365,2098.1891123795094
2450.4504504504503,15.826210704448886,163.32517834217072,2357.5902207904683
2451.4514514514512,10.592170778961306,173.55300491646332,2277.586621360452
2452.4524524524527,24.808998756635276,157.5313281795229,2145.0741833648126
2453.4534534534537,17.634767542949678,168.45218741746316,2387.5819850166718
2454.4544544544547,13.161044170342423,148.67983234929204,2276.248985452237
2455.4554554554556,15.983970465953032,151.5786603323194,2201.6012070117717
2456.4564564564566,23.045119959564044,171.24962162907377,2419.6287140968675
2457.4574574574576,18.287584517739262,160.0019301062025,2411.972085792995
2458.4584584584586,11.683005155329855,163.92979996004215,2106.3936451440372
2459.4594594594596,20.647498943209104,172.54535796139157,2128.3415603252206
2460.4604604604606,24.350898461690704,127.04499417771805,2391.248336783834
2461.4614614614616,14.335794297089013,147.62837689860015,2245.797627312884
2462.4624624624626,10.786809643823007,125.51156066374134,2307.230956298088
2463.4634634634635,20.86511122478823,174.0872707522727,2179.7025299704405
2464.4644644644645,17.907253914683935,137.9512056772968,2067.8583227546387
2465.4654654654655,24.688580791992756,156.2899796861527,2089.493506907472
2466.4664664664665,13.811069259134742,142.7217386122943,2308.1268299308626
2467.4674674674675,19.865808945787265,149.19520921397253,2048.4014197957786
2468.4684684684685,24.44588988088612,175.74051752431905,2384.1033976255244
2469.4694694694695,12.045082873524901,172.46657133455778,2194.7461346520618
2470.4704704704704,22.188092778931303,159.69651878943446,2477.405543104105
2471.4714714714714,22.288011105030975,143.58531436717917,2103.9452452900246
2472.4724724724724,19.00311123749353,150.84182218071842,2229.193487731787
2473.4734734734734,14.383159932540675,161.993679439392,2443.435874765678
2474.4744744744744,19.4283395795711,161.74521267994555,2361.396216251256
2475.4754754754754,20.53388269058204,168.50422804428786,2076.611990885511
2476.4764764764764,20.03627190823514,133.75342826787943,2427.01276654838
2477.4774774774774,11.56342023498646,137.43068591476623,2083.839437337438
2478.4784784784783,22.10578881697733,132.06617613536463,2432.072145576177
2479.4794794794793,20.96230753772342,147.7125731688989,2116.875841487578
2480.4804804804808,11.915963488639022,139.4203799551932,2203.717968026976
2481.4814814814818,20.85550913849525,158.82068498973686,2195.4907582420237
2482.4824824824827,12.694844770414168,165.0218146851259,2444.1476364785785
2483.4834834834837,12.442805946230237,175.05810639746988,2222.982223690541
2484.4844844844847,15.083358535047779,162.87514497146964,2409.4993609505727
2485.4854854854857,15.00053879997019,137.8042463100256,2385.1219531546103
2486.4864864864867,14.74300799906052,122.11967560894747,2493.4686252533875
2487.4874874874877,14.666331958500697,149.79087463363248,2458.8675150384724
2488.4884884884887,20.360130594815367,168.1433070527375,2102.3916324818674
2489.4894894894896,15.466239285211365,156.88405448436464,2117.0307389279246
2490.4904904904906,18.352178280510593,138.1514818115256,2036.5865072546067
2491.4914914914916,24.000173314689413,142.0202652767893,2373.779170775207
2492.4924924924926,18.186797274065185,147.86208233591245,2461.264942057221
2493.4934934934936,22.797078984303774,141.32110670764882,2449.1773782868077
2494.4944944944946,14.649452078599031,165.42680359166695,2451.6084218173864
2495.4954954954956,18.827913026641486,173.3389208271004,2191.9446085088616
2496.4964964964965,10.638256768731765,152.07721342396718,2356.6156618282866
2497.4974974974975,10.349901187616835,158.3550374124057,2417.8776479703083
2498.4984984984985,24.917951398343632,179.9283719307067,2317.660769220809
2499.4994994994995,23.247672842425523,162.71025761295687,2276.498542777001
2500.5005005005005,17.940541377614693,160.72339393444256,2296.474572663945
2501.5015015015015,21.132726184909014,130.5427871905865,2205.8866631126284
2502.5025025025025,17.091442406149305,123.89378782761095,2399.69879190964
2503.5035035035035,12.365253315333765,156.09183906390902,2173.6012968685773
2504.5045045045044,20.13183907899625,121.2538429643836,2230.057013163142
2505.5055055055054,19.696183704273103,125.01707747343156,2184.4033654669574
2506.5065065065064,20.419820571794133,131.37115439334366,2269.370060236456
2507.5075075075074,22.754513405889455,167.2493654373819,2461.685030778541
2508.5085085085084,10.816874594946475,160.45617925552403,2006.874184189533
2509.5095095095094,23.869231549120286,152.29747136009289,2034.051104570271
2510.5105105105104,18.823022826261905,151.12209682488205,2413.2238264040843
2511.5115115115113,24.282369168290266,127.48093706490204,2351.188857541274
2512.5125125125123,21.650693843278695,164.14165757582043,2227.0760957285574
2513.5135135135133,22.961332497421175,177.3698065154657,2423.309127971508
2514.5145145145143,23.424454794942605,147.31481429895933,2325.6052601868646
2515.5155155155153,15.46934053325285,162.9106321818922,2193.596165832825
2516.5165165165167,19.125672090852078,124.11866466906443,2285.1491903892606
2517.5175175175177,18.956484420964742,147.34939245201636,2125.903181285177
2518.5185185185187,15.619360130190262,128.3033571896536,2480.680556468718
2519.5195195195197,11.642698607797751,145.79529076458635,2214.912032628295
2520.5205205205207,21.2215560499907,137.27895694583177,2368.199078915439
2521.5215215215217,23.400910860835534,174.64004473975726,2263.2053121044178
2522.5225225225226,12.144929833891998,141.80861796638325,2468.886483408115
2523.5235235235236,19.94846852849959,138.90610147295877,2055.924659432401
2524.5245245245246,16.913195403545267,123.55271827068026,2192.889995976372
2525.5255255255256,19.049550539233977,167.2928855947342,2225.08605379434
2526.5265265265266,24.33123145781134,156.9493957835657,2465.480768805892
2527.5275275275276,20.614873584291814,126.93315060688919,2458.5687890907693
2528.5285285285286,22.928042435578043,176.4969052437297,2219.415344849992
2529.5295295295296,11.196559214948774,140.36259242868795,2446.7765111788376
2530.5305305305305,15.799183572553861,132.88397649767694,2019.8168321593464
2531.5315315315315,18.19344031330136,172.1242572197727,2208.3679838724593
2532.5325325325325,22.48383469111579,178.49273828519702,2017.5311612829605
2533.5335335335335,12.918163752844915,128.88559662055954,2385.3707519546742
2534.5345345345345,12.84184412374364,131.90014497273447,2266.191997193572
2535.5355355355355,20.372688465655475,125.56371650299043,2004.325468103447
2536.5365365365365,13.219222349857441,139.55595545126425,2470.303506169734
2537.5375375375374,23.60864183352504,150.60112353577614,2110.5360705997973
2538.5385385385384,13.314617935039157,153.6248645184373,2437.1310997884298
2539.5395395395394,20.260402325151887,178.2732424866736,2480.240699032245
2540.540540540541,19.80101067736393,141.5915509140261,2088.201091458102
2541.541541541542,21.675002617914622,133.0734122382542,2260.974947993048
2542.542542542543,21.906930439571745,123.54105612691103,2333.5537561536776
2543.543543543544,18.613512029403687,136.2355796670389,2464.1011308576517
2544.544544544545,24.687079761454946,173.7078038273674,2399.365677036157
2545.545545545546,12.805221189950183,139.11019963390376,2183.9642506723985
2546.546546546547,22.06755402349075,148.3854105266485,2394.3103292337205
2547.5475475475478,21.03583160892367,146.3304931285429,2077.53965852913
2548.5485485485488,18.645215120413916,150.32497814091778,2146.8402084776762
2549.5495495495497,18.584220816783183,126.5979054423077,2249.3053725038885
2550.5505505505507,21.90225496854526,126.3391917140342,2454.2158036983947
2551.5515515515517,12.883642966236808,120.30775478574517,2113.3862019028675
2552.5525525525527,20.103752807671587,164.95302533264783,2394.886569311436
2553.5535535535537,11.865175372925808,159.81710459204885,2151.3984230505944
2554.5545545545547,10.562723555405956,154.88212191043473,2285.0754199004236
2555.5555555555557,17.342542834990958,140.17950415631356,2364.52710389984
2556.5565565565566,19.379953710418338,133.57790933913716,2200.3307120337954
2557.5575575575576,21.98557418736622,171.39178603244903,2379.1798911138358
2558.5585585585586,13.304927158770495,175.6330166345669,2348.145178742772
2559.5595595595596,15.190137844684784,148.24130183754775,2185.7144609170055
2560.5605605605606,17.504704622558847,142.39306131717967,2139.0171734762416
2561.5615615615616,10.358401281342651,164.00356214623912,2454.923288853691
2562.5625625625626,17.13973083870237,135.71234663568092,2461.277455141043
2563.5635635635635,22.691393441438322,173.03303669897835,2263.4101517741724
2564.5645645645645,23.925525498339475,167.22180317576834,2017.4637389167326
2565.5655655655655,13.818417563470923,159.5448653248482,2052.2738145399267
2566.5665665665665,17.492947421970598,159.24776569480116,2459.852445242289
2567.5675675675675,10.991882649271417,160.08561570254096,2135.1960673215485
2568.5685685685685,17.821113447278222,163.2782229434254,2046.540285529249
2569.5695695695695,15.326089843302812,156.83504902015818,2059.135790816165
2570.5705705705705,17.850814653422123,167.33414812242705,2366.251748686206
2571.5715715715714,15.053801932011845,175.55311145012007,2016.2813375508767
2572.5725725725724,19.417612202699665,162.79070801603984,2444.2840650438516
2573.5735735735734,13.895145670726606,137.86214727065652,2431.19901796841
2574.5745745745744,19.235762575418466,158.24763062984303,2025.9814294209864
2575.5755755755754,17.93374997019641,168.25511700067466,2483.998097864092
2576.5765765765764,13.059870001159243,146.3542433684347,2137.711934425743
2577.5775775775774,11.402287608624913,131.78209951876516,2432.226326664037
2578.578578578579,24.482380423894647,120.66615936936977,2300.3848762090156
2579.57957957958,23.674843138610953,140.99348712000287,2257.2611572134056
2580.5805805805808,12.696482035367069,140.50334055052144,2203.4910508537905
2581.5815815815818,14.44251721952959,136.0786523280715,2198.689532863684
2582.5825825825827,24.819149766834656,164.97318787410114,2493.760599893839
2583.5835835835837,18.577420357776155,158.88322176546626,2135.3952539107327
2584.5845845845847,11.514201846458436,161.12620844884856,2264.603791784365
2585.5855855855857,14.921984436216642,157.84911590910508,2190.2791672727003
2586.5865865865867,16.807148755338428,128.140135269274,2448.6398851797144
2587.5875875875877,14.695418382983448,153.33896440376415,2426.6205824569874
2588.5885885885887,16.028096921342467,164.11818896139408,2235.6011275224346
2589.5895895895897,17.350258965871888,131.82449547721302,2249.7933203554007
2590.5905905905906,24.412707820266608,154.91111822220742,2161.2000285977283
2591.5915915915916,23.501710696442387,154.06437078748257,2051.8666021709937
2592.5925925925926,14.17998695978449,123.90752999753859,2187.1137113346635
2593.5935935935936,12.196804696886048,164.21835780570927,2155.1932489769997
2594.5945945945946,11.445464411173463,141.18370968988484,2268.2938823114823
2595.5955955955956,24.71981627370794,176.91750913445549,2353.7986860642454
2596.5965965965966,16.4620573612074,138.03069924432054,2021.3916208879373
2597.5975975975975,21.95970211174928,167.73861525344066,2145.3647426876705
2598.5985985985985,16.582266082907655,162.781135736742,2413.794194490422
2599.5995995995995,14.437047574117667,178.81032528941046,2429.831445944893
2600.6006006006005,14.850915371725318,133.0733126383313,2396.1938470491677
2601.6016016016015,22.50971472254114,129.76744446903237,2236.02007929914
2602.602602602603,11.62275299197229,147.41440145329167,2266.542204640296
2603.603603603604,24.001505880685365,176.54113902174225,2057.472418344647
2604.604604604605,22.200982721591284,158.2973185541322,2230.092343707347
2605.605605605606,12.788013478582629,135.13797743997077,2175.26365969454
2606.606606606607,12.880171219631722,159.28772127560518,2385.76972544371
2607.607607607608,17.628313620722572,137.51192891384414,2224.8455417578693
2608.608608608609,14.050627638137456,163.305522742319,2380.581246779054
2609.60960960961,24.643342625579134,138.25641504932736,2310.212149441793
2610.610610610611,13.145322103556552,157.62541865734624,2155.103296987365
2611.611611611612,20.474589412679123,123.12140102573883,2288.622010399109
2612.612612612613,12.974304024867802,159.7778454565069,2096.7221309947618
2613.613613613614,14.74038939000428,121.66733058226042,2221.300287620309
2614.6146146146148,19.755544853634667,138.2222922466599,2277.391999298859
2615.6156156156158,12.559654739874317,120.98788941106797,2264.1940310257696
2616.6166166166167,17.60220200087746,172.62425506466406,2471.9016209111687
2617.6176176176177,19.110737869614756,153.45085858958345,2044.4001244867195
2618.6186186186187,24.533384706854985,138.82132099294108,2439.0612374829166
2619.6196196196197,13.19514782089989,171.8008962788517,2461.900483977489
2620.6206206206207,22.497317516556528,138.02724380865945,2038.7029565973023
2621.6216216216217,15.802364104583575,171.83424736932824,2385.5835188211204
2622.6226226226227,18.05479790542416,135.22775542199125,2426.2389573662754
2623.6236236236236,16.116084037855273,157.77973145713682,2361.4467405280207
2624.6246246246246,19.501329212222494,156.0979079264069,2462.27959285323
2625.6256256256256,22.211602770776018,138.48543797444034,2230.696141062265
2626.6266266266266,24.689955188650067,170.24122464366144,2052.126294461331
2627.6276276276276,11.900932998635932,153.38821299521697,2201.866483514577
2628.6286286286286,19.5125661342312,150.3693788347519,2011.1797699183146
2629.6296296296296,23.793660897430268,142.0427132755939,2290.3783813386462
2630.6306306306305,10.375246775734164,144.42762673241234,2123.7478117208457
2631.6316316316315,10.602993710621924,125.64190653395417,2267.057883309115
2632.6326326326325,17.105542355671865,154.49128183522419,2054.751641748789
2633.6336336336335,12.397859366391714,152.56597702447542,2380.408678450017
2634.6346346346345,24.244562558715078,162.40347716027307,2030.5548042743044
2635.6356356356355,12.112098015465662,169.45317837278083,2088.8879684785757
2636.6366366366365,20.63940673745904,174.55604249990898,2301.793197868821
2637.6376376376375,17.28136099791225,135.43091703981096,2224.4659699015533
2638.6386386386384,18.884415491707387,168.72778635073777,2068.7769176521524
2639.6396396396394,16.774268881282588,155.08407967916608,2135.4262193369723
2640.6406406406404,20.350924629558357,173.13417281323365,2170.3106246430434
2641.641641641642,12.893503391350588,175.2093943818177,2410.3769704508636
2642.642642642643,13.246584990249126,158.38469474487925,2424.3968745731186
2643.643643643644,24.5609002233029,179.17177685664856,2044.9759945291157
2644.644644644645,23.667576800882706,172.607878372066,2219.141308336551
2645.645645645646,19.89631242581764,138.0461734766587,2278.939728378814
2646.646646646647,23.583798713545974,125.18898130605312,2395.946152230057
2647.647647647648,14.201858234854576,177.6862877896354,2223.428078404626
2648.6486486486488,16.83103569524292,173.7323923854924,2085.225477026001
2649.6496496496497,20.609839837224186,168.76904798681016,2398.9363454065765
2650.6506506506507,18.8998142111595,124.69460645488735,2264.103619788379
2651.6516516516517,16.45691276385781,164.28720278631198,2236.486499300421
2652.6526526526527,11.750651964802652,165.93702580728618,2181.7451397955215
2653.6536536536537,19.578749929877404,156.7785922602646,2433.664385142919
2654.6546546546547,16.012342636677193,126.43130796588396,2196.3138836633852
2655.6556556556557,21.263205841227936,149.65203849377025,2402.5411726989346
2656.6566566566567,21.701187051639586,174.92821771219857,2009.8434131088065
2657.6576576576576,13.068610534923152,166.41842609353446,2100.777797583728
2658.6586586586586,16.235380043712272,126.90545272036053,2425.036286925002
2659.6596596596596,13.699292713738862,140.53983527881118,2200.425756528409
2660.6606606606606,16.728545866546895,176.15320673887305,2382.916391302048
2661.6616616616616,17.094945238790665,157.36557050811376,2117.1315346176634
2662.6626626626626,11.767466297294806,144.675274446566,2475.152147801226
2663.6636636636636,14.067120406392434,133.37657185665094,2007.5291280796168
2664.664664664665,13.845373778440198,168.640582274629,2325.009689216293
2665.665665665666,11.599385964585899,122.87264626981046,2163.6519711983688
2666.666666666667,11.623250901482585,145.39108583448945,2471.027765173704
2667.667667667668,22.326864499382765,137.6653220938847,2056.8180226848963
2668.668668668669,24.941839076691643,139.53941370113773,2316.12042828584
2669.66966966967,19.05296787510362,173.15768112329877,2419.509304236618
2670.670670670671,19.09929111232529,179.0603390473122,2419.6573248400528
2671.671671671672,21.15108749380234,171.78814214274368,2079.4982644385022
2672.672672672673,19.097100976375096,122.36008948379649,2064.9703572043713
2673.673673673674,21.152117952828156,132.99467220120596,2269.7380075772894
2674.674674674675,13.867545385590432,172.49472960044187,2286.1386377485524
2675.675675675676,13.976902273664479,146.59881628519204,2233.99519159819
2676.676676676677,10.182385373755924,125.10521070313779,2130.437821623224
2677.677677677678,12.457871144090516,126.04576474973372,2331.742929534635
2678.678678678679,13.35957682931956,132.73221077788227,2008.3292078702736
2679.67967967968,22.19679246980042,179.34702462938668,2106.0173073407464
2680.680680680681,22.254610183428124,127.92868534371564,2392.965691100246
2681.6816816816818,19.185682749962368,165.35804444885144,2230.8244956641897
2682.6826826826828,24.685474649535948,174.84840518043663,2127.0847896612268
2683.6836836836837,12.656218469062722,127.48013417043803,2240.93045236772
2684.6846846846847,20.41115477302451,165.67903711948725,2269.1154230474735
2685.6856856856857,24.52244917387212,170.887953099201,2318.292392325101
2686.6866866866867,13.873537882831798,130.15845068728527,2411.2084861476337
2687.6876876876877,20.46279984766828,156.0570235730426,2133.034405979757
2688.6886886886887,13.589930274218514,121.895627565287,2254.373409468178
2689.6896896896897,22.435800922431,135.06825534878521,2265.8159515323973
2690.6906906906906,14.588488468843867,134.75168661237075,2469.5856361896576
2691.6916916916916,23.599044915891653,151.72455462039787,2007.057611967524
2692.6926926926926,11.717650926802076,161.2849000351991,2126.2592186596303
2693.6936936936936,10.851470119227677,146.08659607318287,2015.5299390732955
2694.6946946946946,24.221459899749235,121.08949094161017,2361.7257172479344
2695.6956956956956,13.812942935999018,154.43358296069513,2181.182477444652
2696.6966966966966,11.392407144011278,172.67841749912947,2478.8390312069887
2697.6976976976975,10.657133579761066,153.54300270561205,2353.775391119573
2698.6986986986985,12.241733588397882,142.37496028597482,2190.2811728214315
2699.6996996996995,12.785935531146986,135.2997636876434,2398.9257960408213
2700.7007007007005,13.41508037374805,161.4791157712735,2095.946701140156
2701.7017017017015,14.834655098317372,143.97697687714106,2327.748149083769
2702.7027027027025,14.81039567861165,150.8802218614207,2164.361430470727
2703.703703703704,19.167114576853123,177.63543556553049,2288.092046365276
2704.704704704705,18.217979531259537,144.1299925912476,2304.4478864750736
2705.705705705706,10.040878285206341,170.87066700235704,2274.044646384256
2706.706706706707,10.703911135545209,162.5606725839494,2161.9655292618604
2707.707707707708,13.35971349517334,171.78746517962392,2212.250615469963
2708.708708708709,23.38143300681505,153.5470929712539,2420.267955093735
2709.70970970971,24.85771082406138,152.690962132466,2395.2460280125865
2710.710710710711,19.203659428884436,169.61879666640968,2179.1781049200595
2711.711711711712,18.603922847771337,130.99837789311312,2432.2012300045744
2712.712712712713,18.062000625577404,142.71967737774645,2427.3463530215226
2713.713713713714,11.89009803110499,175.79500011958152,2446.918037263091
2714.714714714715,15.938810421813557,158.7672920231273,2136.8286907792776
2715.7157157157158,21.98355362419285,128.4814358208631,2429.649166128637
2716.7167167167167,22.31291777855247,126.13292300406648,2280.8587178650123
2717.7177177177177,21.120783340701507,169.72837642436787,2473.1271064292505
2718.7187187187187,19.5459037702542,120.92294508590318,2129.4038213771596
2719.7197197197197,13.411615115150628,128.15585881228827,2402.582127371022
2720.7207207207207,20.239254062891327,159.93671494525347,2094.040434835914
2721.7217217217217,19.87990789032226,162.97078647492745,2338.2852350407184
2722.7227227227227,24.694931732881066,129.91754098572946,2096.629963052328
2723.7237237237237,20.771075678595505,174.61632827981865,2307.917795610142
2724.7247247247246,23.472460442368412,121.78469395017427,2251.9028587316798
2725.7257257257256,15.412240855347221,150.68908728413032,2213.9343317142925
2726.726726726727,24.10342014716221,145.27182397725855,2145.77112643845
2727.727727727728,22.9412728686073,162.92673760746598,2355.2684701066823
2728.728728728729,13.499118495720833,167.00495441621285,2276.717563946815
2729.72972972973,23.888554895190815,166.35213430727552,2373.8550071835807
2730.730730730731,14.938964137777145,163.55753600046756,2191.701132415063
2731.731731731732,23.017436620713266,158.55123597689825,2061.570908414984
2732.732732732733,16.12925247877071,151.25666684568864,2054.1858797937857
2733.733733733734,13.752813941591143,144.27939611209794,2225.9220320526724
2734.734734734735,18.30142140635627,157.3635011828003,2470.868283782521
2735.735735735736,12.737064123276708,130.0210493987101,2257.106350507219
2736.736736736737,16.011440205968164,154.1171007557733,2314.505411303625
2737.737737737738,23.14941110764671,135.40867077868734,2242.4360760284417
2738.738738738739,15.59739994565832,133.07668115912975,2207.817008420914
2739.73973973974,22.54740201611927,125.66999286750699,2094.27155999175
2740.740740740741,19.799195239303575,134.44824673777094,2330.64419735281
2741.741741741742,20.137176312869485,127.99815044743201,2463.5046318258674
2742.742742742743,23.73538858089968,128.7909222523073,2314.684252588756
2743.743743743744,20.348113160396757,162.13307881864466,2455.8024058626756
2744.744744744745,12.26181547658314,174.85216203563692,2224.782072835891
2745.745745745746,16.844220006989104,160.66177407485893,2182.6446526136874
2746.746746746747,12.47551519110715,136.88413400160823,2457.37212911415
2747.747747747748,17.43240176402266,164.96466596283238,2186.1037642351566
2748.7487487487488,14.742531825333895,145.6139713004594,2344.6689338864276
2749.7497497497498,13.902378637063322,134.84747778409567,2370.451895342528
2750.7507507507507,14.362756845162128,167.485314436631,2006.6311328318823
2751.7517517517517,17.564233168114068,127.43149251759374,2304.04769069713
2752.7527527527527,10.42396698792446,151.4364274519067,2383.2381190590577
2753.7537537537537,14.373943509157446,165.95398737704465,2054.622568338609
2754.7547547547547,13.979458823180856,161.34113035272168,2422.059756887468
2755.7557557557557,13.453261057881024,160.34735403939106,2312.239947128108
2756.7567567567567,17.686444727765025,171.38419283383774,2369.1441977034265
2757.7577577577576,16.334139744945112,179.52773252210076,2189.2671048009206
2758.7587587587586,13.11471127487187,175.85449546778028,2380.5522439984707
2759.7597597597596,18.444370624599134,176.6708820339007,2270.0704082350812
2760.7607607607606,12.426818110768831,149.16631647799284,2131.815608557831
2761.7617617617616,14.439350209514014,144.541363933222,2022.11025043563
2762.7627627627626,14.062876626145473,132.2450737852328,2155.846187053534
2763.7637637637636,13.767566167594342,139.74725648836002,2151.66403977603
2764.7647647647645,15.032034367907695,175.83898372397206,2127.7173251520785
2765.765765765766,13.4550654049964,149.96340933076894,2474.96903187687
2766.766766766767,14.451175176464734,127.02210651109073,2110.679674924342
2767.767767767768,10.516717269703497,173.8330036114207,2113.324883404778
2768.768768768769,23.486037290217528,139.48427453942728,2341.2070208301143
2769.76976976977,19.125660346787107,170.1770869739977,2249.0752070264703
2770.770770770771,20.072906371889502,162.8899766199931,2038.6280958647264
2771.771771771772,24.351664082033196,155.4177898477779,2347.75664708907
2772.772772772773,11.561134867943291,178.36626421836786,2144.541653524656
2773.773773773774,19.004570731194065,140.9434341499534,2014.2674813164776
2774.774774774775,10.906268547686233,173.87076892248785,2316.7223720425777
2775.775775775776,11.500518849206758,169.1730611596,2452.5589609363165
2776.776776776777,10.989424303248361,150.20512633445412,2429.808233178042
2777.777777777778,13.725947499863807,171.31193058222254,2215.5813059597604
2778.778778778779,20.584262132693585,154.21981284173748,2466.122137553053
2779.77977977978,21.526677439534687,120.25352938855431,2244.360046860837
2780.780780780781,19.946901981274692,130.21201873302374,2086.625524223722
2781.781781781782,24.496542214006823,151.67542676391548,2394.7955638982025
2782.7827827827828,10.361536295947444,163.69459633272785,2347.788111276152
2783.7837837837837,16.887690104553496,167.78761675097695,2191.6584406910774
2784.7847847847847,10.466951620463645,143.47145744144802,2452.4239448277303
2785.7857857857857,17.426021491418936,153.90926650875025,2174.3163325679493
2786.7867867867867,12.651356977860324,156.803871605554,2046.2815693081263
2787.7877877877877,19.371638699910008,123.04361885782839,2367.020689374244
2788.788788788789,23.392859035064845,140.03612500545984,2167.9594244887157
2789.78978978979,20.908422212066373,134.1626080636911,2497.1237961349225
2790.790790790791,20.300824266391892,154.03051739099553,2381.6682417253433
2791.791791791792,17.480029818544118,152.2072320810281,2421.8460535553513
2792.792792792793,23.35196234379829,166.9914892420904,2292.914351027929
2793.793793793794,23.928146197733415,158.09914743750562,2408.95189028475
2794.794794794795,21.015287143774664,175.90497169918515,2342.8316355943157
2795.795795795796,18.47721393111408,149.779964444031,2044.5918916551857
2796.796796796797,13.945706350688486,175.50551504016383,2175.4440143840184
2797.797797797798,20.825597710323862,159.82689027586372,2381.046167333723
2798.798798798799,22.928855075340454,156.8752701258184,2467.468541922962
2799.7997997998,13.007123290872066,172.414809846807,2235.135202048942
2800.800800800801,10.437015089962454,167.55023481700306,2479.1245384180206
2801.801801801802,15.0071122103092,168.4005359970895,2011.7274277271194
2802.802802802803,23.90838584086845,157.83575027089356,2058.4686562879147
2803.803803803804,17.630821856294457,163.05637448345874,2267.546756866922
2804.804804804805,20.25370955094345,166.27338384783678,2196.1807357352936
2805.805805805806,12.631893649035751,145.68239011042425,2016.0406206026014
2806.806806806807,23.842122943378563,145.8634750402652,2253.0773942758037
2807.807807807808,19.305472453848715,145.832690379031,2156.248242800976
2808.808808808809,15.860982698854997,123.73396294359738,2205.5367030511784
2809.80980980981,22.204596474202674,136.33625928477085,2089.032017468153
2810.810810810811,14.520434410271935,155.68728759269825,2321.700031545766
2811.811811811812,17.006130119113735,124.52935210675432,2291.4607542077465
2812.812812812813,14.885726373297828,175.38563656484408,2484.23077811622
2813.813813813814,10.680065509377755,124.96183153901848,2464.4205638826666
2814.814814814815,24.91158586089695,130.1325142448822,2430.1663565183662
2815.8158158158158,22.977400630880634,137.56104402191778,2346.086664562987
2816.8168168168168,16.201891870350316,144.98738511425088,2458.04151749141
2817.8178178178177,23.561082409374304,168.9112691397894,2333.842388531438
2818.8188188188187,19.93554631426195,138.61012306552476,2473.971481401687
2819.8198198198197,22.001465814023064,128.74681507300343,2142.4966376368825
2820.8208208208207,21.769442351130188,130.76964593514953,2191.2825242150034
2821.8218218218217,19.239109565421582,145.49451129858534,2099.202108768541
2822.8228228228227,22.237088489711073,163.9836757169195,2324.353147253694
2823.8238238238237,24.125147284310707,140.39196327785598,2025.5742857921398
2824.8248248248246,21.837115783982156,156.38848790937482,2161.196029042171
2825.8258258258256,13.340189934043865,175.8033946280516,2279.4811388628273
2826.8268268268266,20.00721625977362,177.16072413448074,2336.1189229209695
2827.827827827828,20.730360068258854,135.05144737049298,2249.167775624842
2828.828828828829,22.336433621220284,153.5560411377016,2466.0184794071038
2829.82982982983,14.116072046878845,126.27546552719036,2125.4083692149698
2830.830830830831,14.844260365245145,144.56688725639955,2093.357015579149
2831.831831831832,20.240101872769593,142.33216790312022,2423.257672829384
2832.832832832833,20.173001732490967,136.29602549779872,2105.546834464582
2833.833833833834,13.341599189207034,128.14039418831467,2464.2154832711562
2834.834834834835,18.01265492687074,157.60901368442123,2102.2250632410664
2835.835835835836,18.804387503765163,156.8943005769091,2354.6360752476035
2836.836836836837,23.085423121078936,178.06446943473216,2272.369659672204
2837.837837837838,22.383761543828346,137.42160343394514,2081.034876818455
2838.838838838839,18.372742422717625,165.41758390944432,2308.567869522765
2839.83983983984,21.43763024437495,176.15660488723879,2129.950538172899
2840.840840840841,18.50257514829775,144.61754325950193,2070.2077003020286
2841.841841841842,21.4000644742961,164.48579375345912,2160.0286190180386
2842.842842842843,19.546400822240297,139.239857155428,2233.846437135133
2843.843843843844,22.01873191580401,137.9368005755388,2338.489672655072
2844.844844844845,15.902608515607682,142.81122463153358,2458.996533227445
2845.845845845846,17.184987134592618,154.16830508903848,2341.0497903908536
2846.846846846847,23.032183771429697,147.78729739880555,2248.2313631337224
2847.847847847848,20.49062119201362,158.3437382346717,2218.1514844492185
2848.848848848849,18.91253589808157,176.60618942144947,2261.956118198951
2849.8498498498498,18.34061810829483,151.06016308153045,2444.365147953935
2850.850850850851,23.28737220692984,148.62776874372716,2464.033488051567
2851.851851851852,20.611844738995604,167.20173829224365,2087.742918820855
2852.852852852853,20.807335536006626,154.26712575183402,2088.035754254598
2853.853853853854,13.74502518126118,159.6749370315757,2426.6804012924595
2854.854854854855,15.572302226567032,121.01696665198813,2301.887082686838
2855.855855855856,12.391233728064222,148.64793891165922,2449.003955429484
2856.856856856857,23.81717853115712,169.17534384732045,2172.411765714027
2857.857857857858,16.610018518438153,155.84234667395157,2464.2793196420193
2858.858858858859,16.118002051626284,145.67906741743514,2210.683087002975
2859.85985985986,15.910742727295336,175.04426924775126,2173.366158674144
2860.860860860861,15.998905118792031,157.4964569668857,2137.3258699875796
2861.861861861862,17.99715598667025,177.1077427056805,2258.8628520287716
2862.862862862863,17.359247983220506,154.92561506008335,2036.4392235171263
2863.863863863864,23.08333542862997,147.98875960353726,2221.28489588245
2864.864864864865,13.368980247434347,123.4978186354452,2228.177998854762
2865.865865865866,15.060963377120586,168.67810448134117,2098.3919036286748
2866.866866866867,13.210827532888386,160.120495768769,2072.029666833232
2867.867867867868,13.86613026336956,132.58290417389543,2327.571920229619
2868.868868868869,14.771601990905168,156.97401126921076,2353.549494599263
2869.86986986987,12.89172109662677,172.19034534338732,2207.65659999063
2870.870870870871,22.406431885239808,154.6928048979472,2085.387950857088
2871.871871871872,11.455055053222189,158.03103679186754,2010.9463372426367
2872.872872872873,22.386209150946968,172.32389387396125,2410.105369129696
2873.873873873874,21.482292050941382,159.2917900850987,2224.623379337855
2874.874874874875,21.17529137025013,136.82287712224283,2140.2881766905753
2875.875875875876,21.14229857954924,145.13002885314293,2323.842861136941
2876.876876876877,17.77945681468338,161.48212509614837,2061.330132380479
2877.877877877878,22.484696325396577,152.9227783339416,2413.2823111741172
2878.878878878879,19.00432942903059,179.56611084014264,2090.7030337293068
2879.87987987988,15.387576832032682,169.90540261319057,2407.9483308428025
2880.880880880881,13.682554003831104,154.0076973737855,2372.8480388879093
2881.881881881882,17.50493265607671,176.54888258721735,2435.4758612248347
2882.8828828828828,10.240818955803757,134.23215344628096,2081.4689846225574
2883.8838838838838,20.634021688133423,139.54490309345087,2335.101646404885
2884.8848848848847,12.26568184160951,137.14874874672498,2087.908806707647
2885.8858858858857,13.996180888764256,169.69709322086484,2361.8650569428805
2886.8868868868867,16.01170771911613,174.0744885368958,2176.3918820469457
2887.8878878878877,15.823345217385274,172.7454465850618,2384.3574414021587
2888.8888888888887,17.984957606266747,177.95387049521293,2067.443293677117
2889.88988988989,17.666489235964463,148.9009629407557,2364.78128087081
2890.890890890891,13.329971386138695,158.02931457928216,2322.546407451312
2891.891891891892,24.36829070707423,147.22741546063955,2416.327476827535
2892.892892892893,20.513102827189613,158.64998485313697,2032.427389672359
2893.893893893894,17.10523052495404,132.8832506147684,2046.6789401323608
2894.894894894895,20.639106884936197,143.6385475795961,2305.177993018866
2895.895895895896,19.127933946867145,168.54198584025426,2421.2719607379236
2896.896896896897,15.344794549580563,145.3920950574578,2481.785372638596
2897.897897897898,15.849228298907382,158.64942862196787,2123.4954658284832
2898.898898898899,22.832496334942615,123.19488708695566,2496.0805757835165
2899.8998998999,11.409347615916309,124.04456633695253,2165.690105762833
2900.900900900901,10.221884860528197,167.64468994067087,2427.4450589723506
2901.901901901902,15.66645086478706,149.53882938923226,2078.665708496934
2902.902902902903,22.290991187203335,172.13314877068993,2000.5401214510327
2903.903903903904,13.041180377747327,151.56645407980247,2194.4399295059684
2904.904904904905,13.07267217720517,139.96804829474996,2268.470143243766
2905.905905905906,13.533731020782902,120.88248101649121,2112.4764510981213
2906.906906906907,20.00936468174847,133.61684317406176,2440.099263892628
2907.907907907908,16.994722728677935,123.36861448873428,2290.1892234858187
2908.908908908909,18.500808975477824,132.63906501034907,2033.644013380381
2909.90990990991,19.46456739432507,127.01219010751876,2457.397144272766
2910.910910910911,16.24832561010867,130.83265151942985,2478.070431100698
2911.911911911912,10.846978803082512,177.5658568899947,2121.5998401445036
2912.9129129129133,18.69769538245062,159.40774737976335,2495.8116976134243
2913.9139139139143,17.130087700904955,154.24187932864888,2133.7510694535263
2914.9149149149152,17.392025225188938,164.39166785165548,2363.236249502799
2915.9159159159162,13.237832531257542,179.16233791788608,2081.1445613850315
2916.916916916917,14.814964119510925,137.53865459583136,2081.848409745131
2917.917917917918,23.57361614739238,172.82260266916737,2253.7268591264847
2918.918918918919,23.200499375044004,146.24358373699437,2280.435199769161
2919.91991991992,24.282937986553407,125.01416371444449,2355.0563226174786
2920.920920920921,10.032495317933455,150.78474827054202,2063.2439523022686
2921.921921921922,23.132055248640707,131.07901544116658,2076.7543416014996
2922.922922922923,13.159254449104898,172.42036600534578,2207.543829401015
2923.923923923924,10.763477400933569,165.88927899642368,2004.5723115876426
2924.924924924925,11.9661741005061,134.39526030634644,2364.6072781053144
2925.925925925926,18.383197433903675,171.609199429388,2034.3682933670605
2926.926926926927,10.519956278657247,169.12133990578954,2363.3321021068105
2927.927927927928,24.785069380565538,125.56988859170293,2021.3396158986034
2928.928928928929,12.083700369305582,149.38600172639485,2131.7039529105296
2929.92992992993,18.687493221493092,164.72126152482176,2030.6137325940824
2930.930930930931,17.742741638274993,145.60851035390954,2475.9204244227385
2931.931931931932,19.10260425919661,124.8032754100689,2464.2785309222627
2932.932932932933,16.121724260797414,126.99545838898615,2323.8774056582724
2933.933933933934,16.16601196273431,173.10525077813068,2318.706971788971
2934.934934934935,21.195491475646605,143.1424012094574,2339.1758448183014
2935.935935935936,15.817259831708508,178.3969571013876,2244.4269116452174
2936.936936936937,17.059696850691658,177.73186652067898,2054.9892776566667
2937.937937937938,21.993816859700758,144.5546335247597,2267.556538386185
2938.938938938939,22.771167165856216,140.58055794738203,2144.3375592468433
2939.93993993994,23.944737801509532,169.994897211585,2120.1721738602955
2940.940940940941,18.636296386391408,154.37181150894105,2054.563394611411
2941.941941941942,14.884126496407195,123.29164504475946,2186.7083218111698
2942.942942942943,19.97600091125203,148.75125494599484,2339.482460850265
2943.943943943944,17.761236641950315,167.85559005861896,2122.4710945793486
2944.944944944945,19.50961299951883,154.04638935093627,2053.230186793758
2945.945945945946,15.787179004480741,163.65356317053045,2394.0649052423487
2946.946946946947,20.292711846404345,132.31515370905117,2172.4406926444963
2947.947947947948,22.999179531573382,131.5203228028237,2040.3307704415258
2948.948948948949,19.253441532023487,177.07484127530932,2107.3134495026898
2949.9499499499498,24.28305245485927,164.9312708844417,2467.7488449949906
2950.9509509509508,20.95331248637864,139.8149077658222,2139.2321896136145
2951.951951951952,23.717095084146635,149.92934778648046,2003.903203239272
2952.952952952953,20.986716513706114,136.71258683711255,2433.149218275762
2953.953953953954,15.24064963275794,140.32854481173393,2028.6130890704696
2954.954954954955,19.24808142687805,174.84549775819153,2452.029587342976
2955.955955955956,18.06716603374132,120.65984098419038,2409.4217367702486
2956.956956956957,16.525597726594647,123.53671606185159,2050.0927186962745
2957.957957957958,19.732852919586467,121.16803418032973,2001.970894455313
2958.958958958959,18.774375231156156,161.8269343887506,2110.4590992814733
2959.95995995996,18.09465503243321,168.56989824274478,2257.904104085335
2960.960960960961,23.33106040870263,152.17720642928495,2353.930000599104
2961.961961961962,11.323340198630408,127.91763752289546,2183.901118349581
2962.962962962963,24.72212607247822,172.7083736954566,2360.9230172717375
2963.963963963964,15.295440943714588,163.72134354573467,2372.8703772774597
2964.964964964965,16.89244854773427,177.21384253560197,2012.6873344970752
2965.965965965966,16.062563706545262,127.04960697709119,2417.938141937893
2966.966966966967,21.66755904323719,141.45357297115402,2454.9588251199184
2967.967967967968,11.833540157743037,132.5715727546586,2367.260571672398
2968.968968968969,13.993274848788364,129.06075558779736,2190.624071921477
2969.96996996997,19.487849825181854,125.45857918602567,2203.536441554103
2970.970970970971,12.21027862129083,123.69814302697853,2337.3383318288693
2971.971971971972,16.287704549078732,143.45536655809119,2367.8194214866735
2972.972972972973,20.498376919748743,132.9937563123881,2144.6728705871437
2973.973973973974,14.41868170605188,122.79358235640021,2198.797002530055
2974.9749749749753,13.567464283789098,165.91946119133866,2491.5617403397914
2975.9759759759763,20.56969820749178,149.75750124423152,2097.3956579022674
2976.9769769769773,17.521512172197355,164.35065878302007,2467.982770954978
2977.9779779779783,12.254816722467892,166.96300344795281,2035.98409730219
2978.9789789789793,10.61468393750124,133.1639259219744,2434.732030366986
2979.9799799799803,21.99130642912267,146.44906489341338,2270.876938637004
2980.9809809809813,15.239374513380655,150.54969861720215,2398.9126317290534
2981.9819819819822,19.114873573499644,162.8535068830898,2188.882318401958
2982.9829829829832,22.826185421397014,160.68401553291739,2247.6381036645025
2983.983983983984,13.871589518207495,121.62056589414122,2137.8400404748545
2984.984984984985,10.409721301133741,120.74315745385398,2203.8530285833594
2985.985985985986,22.2856893096097,165.69126900427133,2056.7283658118304
2986.986986986987,20.932249256701734,158.70886421751905,2258.789068526648
2987.987987987988,10.461484247347089,169.0166962086685,2277.360385497841
2988.988988988989,16.664307995388146,147.27199571043502,2119.488959710121
2989.98998998999,23.578858021668943,141.35404158066888,2088.7610152240795
2990.990990990991,11.39322512359492,171.9017795930386,2454.9782168689826
2991.991991991992,12.031970451263899,161.96016685660902,2400.7123083229717
2992.992992992993,21.104907017829206,166.37506709623034,2303.676515038359
2993.993993993994,13.336839941677777,163.7362315981187,2389.908071674358
2994.994994994995,24.920454552332906,133.8610581009825,2160.8960751930717
2995.995995995996,13.091039895933383,122.75025913849883,2146.679540270593
2996.996996996997,19.891237322740615,123.59513927295721,2366.85169746271
2997.997997997998,18.98280999846306,171.30816022077514,2373.259809421195
2998.998998998999,24.038205163389364,161.7022092682458,2378.4909722984967
3000.0,19.86638885770926,168.52190936850656,2418.8474253163695
